user_id,total_sent,total_received,net_transferred,sent_count,received_count,transfer_count
1,85.21,42.48,-42.73,4,1,5
2,75.15,0.0,-75.15,1,0,1
3,0.0,0.0,0.0,0,0,0
4,0.0,0.0,0.0,0,0,0
6,0.0,0.0,0.0,0,0,0
7,0.0,0.0,0.0,0,0,0
8,0.0,0.0,0.0,0,0,0
9,0.0,28.56,28.56,0,1,1
10,62.25,0.0,-62.25,1,0,1
11,25.66,0.0,-25.66,1,0,1
12,0.0,49.84,49.84,0,1,1
13,0.0,0.0,0.0,0,0,0
14,0.0,0.0,0.0,0,0,0
15,0.0,0.0,0.0,0,0,0
16,0.0,0.0,0.0,0,0,0
17,0.0,0.0,0.0,0,0,0
18,0.0,0.0,0.0,0,0,0
19,0.0,0.0,0.0,0,0,0
20,0.0,73.27,73.27,0,1,1
21,0.0,0.0,0.0,0,0,0
22,19.84,0.0,-19.84,1,0,1
23,0.0,0.0,0.0,0,0,0
25,0.0,0.0,0.0,0,0,0
27,0.0,0.0,0.0,0,0,0
28,99.99,0.0,-99.99,2,0,2
30,0.0,0.0,0.0,0,0,0
31,0.0,9.97,9.97,0,1,1
32,0.0,0.0,0.0,0,0,0
34,0.0,0.0,0.0,0,0,0
35,0.0,0.0,0.0,0,0,0
36,67.92,0.0,-67.92,1,0,1
37,0.0,23.84,23.84,0,2,2
38,0.0,106.3,106.3,0,1,1
40,23.94,0.0,-23.94,1,0,1
41,0.0,135.1,135.1,0,1,1
42,135.1,0.0,-135.1,1,0,1
43,37.86,0.0,-37.86,1,0,1
44,0.0,0.0,0.0,0,0,0
45,0.0,0.0,0.0,0,0,0
46,0.0,0.0,0.0,0,0,0
47,14.22,0.0,-14.22,1,0,1
48,95.7,0.0,-95.7,2,0,2
49,33.08,0.0,-33.08,1,0,1
50,0.0,0.0,0.0,0,0,0
51,1.0,0.0,-1.0,1,0,1
52,0.0,25.02,25.02,0,1,1
53,0.0,0.0,0.0,0,0,0
54,1.0,142.59,141.59,1,2,3
55,0.0,102.22999999999999,102.22999999999999,0,2,2
56,0.0,0.0,0.0,0,0,0
57,0.0,0.0,0.0,0,0,0
58,59.18,0.0,-59.18,2,0,2
59,175.45,0.0,-175.45,2,0,2
60,0.0,0.0,0.0,0,0,0
61,6.81,62.87,56.059999999999995,1,1,2
62,9.12,0.0,-9.12,1,0,1
63,22.57,0.0,-22.57,1,0,1
64,11.55,38.97,27.419999999999998,1,2,3
65,67.22,0.0,-67.22,2,0,2
66,128.96,5.49,-123.47000000000001,3,1,4
67,0.0,0.0,0.0,0,0,0
69,0.0,21.2,21.2,0,1,1
70,0.0,0.0,0.0,0,0,0
71,62.0,0.0,-62.0,1,0,1
72,60.16,0.0,-60.16,2,0,2
74,64.21000000000001,0.0,-64.21000000000001,2,0,2
75,13.06,0.0,-13.06,1,0,1
76,0.0,15.65,15.65,0,1,1
77,0.0,0.0,0.0,0,0,0
78,30.48,56.54,26.06,1,1,2
79,0.0,0.0,0.0,0,0,0
80,0.0,81.89,81.89,0,1,1
81,0.0,0.0,0.0,0,0,0
82,59.46,0.0,-59.46,2,0,2
83,19.55,0.0,-19.55,1,0,1
84,51.67,1.0,-50.67,1,1,2
85,66.8,0.0,-66.8,2,0,2
86,0.0,0.0,0.0,0,0,0
87,0.0,0.0,0.0,0,0,0
88,0.0,1.0,1.0,0,1,1
89,51.23,0.0,-51.23,1,0,1
90,0.0,0.0,0.0,0,0,0
91,0.0,0.0,0.0,0,0,0
92,0.0,0.0,0.0,0,0,0
93,56.3,0.0,-56.3,1,0,1
94,15.65,0.0,-15.65,1,0,1
95,0.0,16.9,16.9,0,1,1
96,0.0,67.22,67.22,0,2,2
97,0.0,0.0,0.0,0,0,0
98,0.0,163.51,163.51,0,2,2
99,0.0,0.0,0.0,0,0,0
100,99.22,0.0,-99.22,1,0,1
101,0.0,0.0,0.0,0,0,0
102,0.0,162.42000000000002,162.42000000000002,0,2,2
103,36.88,0.0,-36.88,1,0,1
104,0.0,7.4,7.4,0,1,1
105,49.49,43.77,-5.719999999999999,1,2,3
106,0.0,0.0,0.0,0,0,0
107,0.0,0.0,0.0,0,0,0
108,64.1,99.28999999999999,35.19,3,3,6
109,0.0,103.22,103.22,0,2,2
110,13.7,3.38,-10.32,2,1,3
111,12.77,0.0,-12.77,2,0,2
112,71.55,0.0,-71.55,1,0,1
113,0.0,67.37,67.37,0,1,1
114,0.0,0.0,0.0,0,0,0
115,0.0,0.0,0.0,0,0,0
116,66.62,0.0,-66.62,2,0,2
118,42.37,102.49000000000001,60.12000000000001,1,2,3
121,0.0,0.0,0.0,0,0,0
122,0.0,0.0,0.0,0,0,0
123,0.0,8.49,8.49,0,1,1
124,7.1,0.0,-7.1,1,0,1
126,0.0,0.0,0.0,0,0,0
127,26.11,0.0,-26.11,1,0,1
128,0.0,0.0,0.0,0,0,0
129,0.0,99.22,99.22,0,1,1
130,5.75,44.01,38.26,1,3,4
131,0.0,0.0,0.0,0,0,0
132,0.0,11.67,11.67,0,1,1
133,0.0,0.0,0.0,0,0,0
134,0.0,0.0,0.0,0,0,0
135,0.0,131.62,131.62,0,2,2
136,0.0,0.0,0.0,0,0,0
137,42.78,15.36,-27.42,2,1,3
138,68.32,0.0,-68.32,1,0,1
139,0.0,0.0,0.0,0,0,0
140,0.0,1.0,1.0,0,1,1
141,28.59,0.0,-28.59,1,0,1
143,0.0,0.0,0.0,0,0,0
144,97.26,0.0,-97.26,2,0,2
145,0.0,0.0,0.0,0,0,0
146,4.93,0.0,-4.93,1,0,1
147,12.379999999999999,36.98,24.599999999999998,2,1,3
148,0.0,0.0,0.0,0,0,0
149,0.0,56.12,56.12,0,1,1
150,0.0,0.0,0.0,0,0,0
151,0.0,0.0,0.0,0,0,0
152,0.0,0.0,0.0,0,0,0
153,0.0,0.0,0.0,0,0,0
154,15.28,0.0,-15.28,1,0,1
155,0.0,0.0,0.0,0,0,0
156,6.29,0.0,-6.29,1,0,1
157,0.0,44.69,44.69,0,1,1
158,0.0,0.0,0.0,0,0,0
159,0.0,0.0,0.0,0,0,0
160,0.0,35.34,35.34,0,1,1
161,0.0,17.81,17.81,0,1,1
162,0.0,145.07,145.07,0,2,2
163,4.43,15.22,10.790000000000001,1,2,3
164,0.0,0.0,0.0,0,0,0
165,0.0,64.96,64.96,0,1,1
166,0.0,0.0,0.0,0,0,0
167,0.0,0.0,0.0,0,0,0
168,0.0,0.0,0.0,0,0,0
169,0.0,71.55,71.55,0,1,1
170,0.0,0.0,0.0,0,0,0
171,0.0,64.04,64.04,0,2,2
172,42.44,0.0,-42.44,1,0,1
174,0.0,0.0,0.0,0,0,0
175,0.0,0.0,0.0,0,0,0
176,0.0,0.0,0.0,0,0,0
177,34.74,67.75,33.01,1,1,2
178,0.0,0.0,0.0,0,0,0
179,81.49,0.0,-81.49,1,0,1
180,0.0,0.0,0.0,0,0,0
181,0.0,0.0,0.0,0,0,0
182,0.0,0.0,0.0,0,0,0
183,0.0,0.0,0.0,0,0,0
184,42.48,91.03,48.550000000000004,1,3,4
185,45.37,0.0,-45.37,2,0,2
186,0.0,0.0,0.0,0,0,0
187,0.0,49.73,49.73,0,2,2
188,0.0,0.0,0.0,0,0,0
189,24.84,0.0,-24.84,1,0,1
190,0.0,66.63,66.63,0,1,1
191,33.81,46.33,12.519999999999996,2,1,3
192,80.54,11.65,-68.89,1,1,2
193,61.85,25.04,-36.81,2,1,3
194,0.0,0.0,0.0,0,0,0
195,20.44,0.0,-20.44,1,0,1
196,16.16,0.0,-16.16,1,0,1
197,55.76,0.0,-55.76,1,0,1
198,50.3,0.0,-50.3,1,0,1
199,0.0,0.0,0.0,0,0,0
200,0.0,0.0,0.0,0,0,0
201,0.0,0.0,0.0,0,0,0
202,72.79,0.0,-72.79,1,0,1
203,0.0,0.0,0.0,0,0,0
204,0.0,29.11,29.11,0,1,1
205,15.7,0.0,-15.7,1,0,1
206,2.79,17.94,15.150000000000002,1,1,2
207,0.0,0.0,0.0,0,0,0
208,0.0,0.0,0.0,0,0,0
209,7.57,0.0,-7.57,1,0,1
210,0.0,0.0,0.0,0,0,0
211,71.72,62.25,-9.469999999999999,1,1,2
212,0.0,33.08,33.08,0,1,1
213,2.49,0.0,-2.49,1,0,1
214,18.75,13.48,-5.27,1,1,2
215,10.54,0.0,-10.54,1,0,1
216,0.0,3.43,3.43,0,1,1
217,0.0,0.0,0.0,0,0,0
219,0.0,0.0,0.0,0,0,0
220,0.0,74.98,74.98,0,2,2
221,1.59,0.0,-1.59,1,0,1
223,50.51,0.0,-50.51,1,0,1
224,74.39999999999999,96.59,22.190000000000012,2,1,3
225,0.0,0.0,0.0,0,0,0
226,0.0,0.0,0.0,0,0,0
227,0.0,0.0,0.0,0,0,0
229,0.0,0.0,0.0,0,0,0
230,0.0,1.0,1.0,0,1,1
231,30.03,0.0,-30.03,1,0,1
232,0.0,0.0,0.0,0,0,0
233,0.0,0.0,0.0,0,0,0
234,0.0,80.91,80.91,0,3,3
235,0.0,0.0,0.0,0,0,0
236,0.0,58.18,58.18,0,2,2
237,61.0,0.0,-61.0,2,0,2
238,0.0,57.39,57.39,0,2,2
239,0.0,0.0,0.0,0,0,0
240,0.0,0.0,0.0,0,0,0
241,0.0,76.63,76.63,0,2,2
242,132.4,125.75999999999999,-6.640000000000015,2,3,5
243,15.32,0.0,-15.32,1,0,1
244,1.0,0.0,-1.0,1,0,1
245,0.0,28.59,28.59,0,1,1
246,0.0,0.0,0.0,0,0,0
247,0.0,76.5,76.5,0,1,1
248,130.62,26.27,-104.35000000000001,1,2,3
249,2.97,12.74,9.77,1,1,2
250,11.65,0.0,-11.65,1,0,1
251,24.58,0.0,-24.58,2,0,2
252,0.0,0.0,0.0,0,0,0
253,0.0,0.0,0.0,0,0,0
254,0.0,7.83,7.83,0,1,1
255,58.35,0.0,-58.35,2,0,2
256,0.0,0.0,0.0,0,0,0
257,0.0,0.0,0.0,0,0,0
258,3.49,7.97,4.4799999999999995,1,2,3
259,112.69,0.0,-112.69,2,0,2
260,0.0,85.96,85.96,0,1,1
262,4.94,57.67,52.730000000000004,1,1,2
263,67.86,6.75,-61.11,3,1,4
264,47.19,0.0,-47.19,1,0,1
265,0.0,0.0,0.0,0,0,0
266,0.0,96.5,96.5,0,1,1
267,35.92,21.65,-14.270000000000003,1,1,2
268,0.0,70.32,70.32,0,1,1
269,0.0,62.3,62.3,0,2,2
270,41.36,0.0,-41.36,1,0,1
272,79.49,43.39,-36.099999999999994,1,1,2
273,0.0,62.96,62.96,0,2,2
274,31.549999999999997,0.0,-31.549999999999997,2,0,2
275,0.0,0.0,0.0,0,0,0
276,0.0,0.0,0.0,0,0,0
277,0.0,0.0,0.0,0,0,0
278,0.0,0.0,0.0,0,0,0
279,74.72999999999999,33.96,-40.76999999999999,2,1,3
280,21.88,0.0,-21.88,1,0,1
282,0.0,0.0,0.0,0,0,0
283,42.04,0.0,-42.04,1,0,1
284,0.0,0.0,0.0,0,0,0
285,36.98,0.0,-36.98,1,0,1
286,74.86,8.34,-66.52,2,1,3
287,0.0,33.79,33.79,0,2,2
288,0.0,0.0,0.0,0,0,0
289,244.45999999999998,0.0,-244.45999999999998,4,0,4
290,0.0,0.0,0.0,0,0,0
291,0.0,7.94,7.94,0,1,1
292,0.0,0.0,0.0,0,0,0
293,0.0,0.0,0.0,0,0,0
294,0.0,0.0,0.0,0,0,0
295,0.0,0.0,0.0,0,0,0
296,10.0,4.09,-5.91,1,1,2
297,0.0,0.0,0.0,0,0,0
298,0.0,0.0,0.0,0,0,0
299,0.0,0.0,0.0,0,0,0
300,0.0,0.0,0.0,0,0,0
301,0.0,0.0,0.0,0,0,0
302,0.0,0.0,0.0,0,0,0
303,28.82,0.0,-28.82,1,0,1
304,0.0,0.0,0.0,0,0,0
305,0.0,0.0,0.0,0,0,0
306,0.0,0.0,0.0,0,0,0
307,0.0,0.0,0.0,0,0,0
308,7.76,0.0,-7.76,1,0,1
309,140.03,0.0,-140.03,1,0,1
310,0.0,0.0,0.0,0,0,0
311,0.0,68.82,68.82,0,1,1
312,0.0,40.5,40.5,0,1,1
313,0.0,0.0,0.0,0,0,0
314,66.28,136.04,69.75999999999999,2,2,4
315,0.0,0.0,0.0,0,0,0
316,0.0,40.22,40.22,0,1,1
317,0.0,4.94,4.94,0,1,1
318,6.75,16.689999999999998,9.939999999999998,1,2,3
319,0.0,16.42,16.42,0,1,1
320,0.0,23.94,23.94,0,1,1
321,0.0,0.0,0.0,0,0,0
322,82.36,0.0,-82.36,2,0,2
323,22.32,0.0,-22.32,1,0,1
324,0.0,0.0,0.0,0,0,0
325,56.12,0.0,-56.12,1,0,1
326,60.78,0.0,-60.78,1,0,1
327,0.0,50.3,50.3,0,1,1
328,33.17,5.42,-27.75,1,1,2
329,0.0,0.0,0.0,0,0,0
331,13.73,0.0,-13.73,1,0,1
332,0.0,0.0,0.0,0,0,0
333,0.0,0.0,0.0,0,0,0
334,0.0,0.0,0.0,0,0,0
335,69.28,0.0,-69.28,2,0,2
336,0.0,0.0,0.0,0,0,0
337,25.98,0.0,-25.98,1,0,1
339,0.0,0.0,0.0,0,0,0
340,0.0,92.9,92.9,0,1,1
341,1.0,0.0,-1.0,1,0,1
342,107.73,45.42,-62.31,2,1,3
343,0.0,0.0,0.0,0,0,0
345,33.28,49.27,15.990000000000002,1,1,2
346,1.0,0.0,-1.0,1,0,1
347,0.0,0.0,0.0,0,0,0
348,0.0,0.0,0.0,0,0,0
349,27.28,0.0,-27.28,1,0,1
350,0.0,49.57,49.57,0,1,1
351,23.69,0.0,-23.69,1,0,1
352,0.0,0.0,0.0,0,0,0
353,0.0,0.0,0.0,0,0,0
354,0.0,0.0,0.0,0,0,0
355,0.0,0.0,0.0,0,0,0
356,0.0,38.25,38.25,0,2,2
357,0.0,0.0,0.0,0,0,0
359,0.0,86.0,86.0,0,1,1
361,0.0,31.77,31.77,0,1,1
362,0.0,0.0,0.0,0,0,0
363,108.6,0.0,-108.6,2,0,2
364,35.42,0.0,-35.42,1,0,1
365,0.0,18.75,18.75,0,1,1
366,0.0,12.47,12.47,0,1,1
367,83.56,0.0,-83.56,1,0,1
368,0.0,0.0,0.0,0,0,0
369,29.11,21.72,-7.390000000000001,1,2,3
370,4.18,0.0,-4.18,1,0,1
371,0.0,0.0,0.0,0,0,0
372,0.0,0.0,0.0,0,0,0
373,6.98,0.0,-6.98,1,0,1
374,126.57,0.0,-126.57,4,0,4
375,0.0,112.75,112.75,0,2,2
376,24.51,0.0,-24.51,1,0,1
377,0.0,17.61,17.61,0,1,1
378,0.0,0.0,0.0,0,0,0
380,0.0,57.830000000000005,57.830000000000005,0,2,2
381,0.0,0.0,0.0,0,0,0
382,7.77,12.26,4.49,1,1,2
383,0.0,0.0,0.0,0,0,0
384,0.0,0.0,0.0,0,0,0
385,4.36,0.0,-4.36,1,0,1
386,0.0,0.0,0.0,0,0,0
387,48.65,31.28,-17.369999999999997,2,1,3
388,0.0,69.61,69.61,0,1,1
389,0.0,58.16,58.16,0,1,1
390,0.0,0.0,0.0,0,0,0
391,11.55,0.0,-11.55,1,0,1
392,0.0,36.88,36.88,0,1,1
394,0.0,0.0,0.0,0,0,0
395,0.0,0.0,0.0,0,0,0
396,0.0,0.0,0.0,0,0,0
397,75.66,0.0,-75.66,1,0,1
398,0.0,0.0,0.0,0,0,0
399,0.0,68.15,68.15,0,1,1
400,0.0,60.480000000000004,60.480000000000004,0,2,2
401,15.72,0.0,-15.72,1,0,1
402,0.0,0.0,0.0,0,0,0
404,0.0,12.18,12.18,0,1,1
405,0.0,22.73,22.73,0,1,1
406,0.0,0.0,0.0,0,0,0
407,0.0,0.0,0.0,0,0,0
408,0.0,97.11,97.11,0,3,3
409,27.24,0.0,-27.24,1,0,1
410,0.0,0.0,0.0,0,0,0
411,43.57,0.0,-43.57,2,0,2
413,61.17,0.0,-61.17,1,0,1
414,19.97,0.0,-19.97,1,0,1
415,0.0,25.970000000000002,25.970000000000002,0,2,2
416,0.0,0.0,0.0,0,0,0
417,0.0,0.0,0.0,0,0,0
418,0.0,0.0,0.0,0,0,0
419,8.47,0.0,-8.47,1,0,1
420,0.0,77.35,77.35,0,1,1
421,21.65,52.87,31.22,1,1,2
422,8.96,0.0,-8.96,1,0,1
423,0.0,50.7,50.7,0,2,2
424,0.0,0.0,0.0,0,0,0
425,87.05,28.96,-58.089999999999996,1,1,2
426,0.0,0.0,0.0,0,0,0
428,0.0,0.0,0.0,0,0,0
429,9.21,6.29,-2.920000000000001,1,1,2
430,94.42,11.34,-83.08,3,1,4
431,62.4,0.0,-62.4,1,0,1
432,0.0,0.0,0.0,0,0,0
433,0.0,20.12,20.12,0,1,1
434,0.0,36.15,36.15,0,1,1
435,85.26,0.0,-85.26,1,0,1
436,0.0,2.76,2.76,0,2,2
437,0.0,0.0,0.0,0,0,0
438,0.0,157.04999999999998,157.04999999999998,0,4,4
439,0.0,34.379999999999995,34.379999999999995,0,2,2
440,22.700000000000003,0.0,-22.700000000000003,2,0,2
441,58.55,88.66,30.11,1,1,2
442,0.0,15.61,15.61,0,1,1
443,0.0,51.51,51.51,0,1,1
444,58.61,0.0,-58.61,1,0,1
445,0.0,0.0,0.0,0,0,0
446,0.0,0.0,0.0,0,0,0
447,0.0,0.0,0.0,0,0,0
449,0.0,0.0,0.0,0,0,0
451,0.0,0.0,0.0,0,0,0
452,31.89,20.19,-11.7,1,1,2
453,0.0,0.0,0.0,0,0,0
454,9.33,0.0,-9.33,1,0,1
455,125.12,0.0,-125.12,2,0,2
456,0.0,0.0,0.0,0,0,0
457,52.87,0.0,-52.87,1,0,1
458,0.0,0.0,0.0,0,0,0
459,36.37,0.0,-36.37,1,0,1
460,0.0,8.96,8.96,0,1,1
461,80.13,68.7,-11.429999999999993,2,2,4
462,0.0,0.0,0.0,0,0,0
463,60.83,0.0,-60.83,2,0,2
464,0.0,0.0,0.0,0,0,0
466,0.0,59.940000000000005,59.940000000000005,0,2,2
467,27.35,15.7,-11.650000000000002,1,1,2
469,0.0,0.0,0.0,0,0,0
470,0.0,0.0,0.0,0,0,0
471,0.0,0.0,0.0,0,0,0
472,22.85,141.99,119.14000000000001,2,2,4
473,43.760000000000005,0.0,-43.760000000000005,3,0,3
476,0.0,0.0,0.0,0,0,0
478,0.0,15.72,15.72,0,1,1
479,0.0,0.0,0.0,0,0,0
480,0.0,34.74,34.74,0,1,1
481,0.0,12.91,12.91,0,1,1
482,0.0,42.82,42.82,0,1,1
483,0.0,0.0,0.0,0,0,0
484,0.0,0.0,0.0,0,0,0
485,0.0,0.0,0.0,0,0,0
486,0.0,0.0,0.0,0,0,0
487,22.6,6.81,-15.790000000000003,1,1,2
489,12.18,36.37,24.189999999999998,1,1,2
490,87.3,0.0,-87.3,1,0,1
491,0.0,87.13,87.13,0,1,1
492,0.0,0.0,0.0,0,0,0
493,0.0,4.7,4.7,0,1,1
494,44.81,4.18,-40.63,1,1,2
495,0.0,0.0,0.0,0,0,0
496,0.0,0.0,0.0,0,0,0
497,0.0,0.0,0.0,0,0,0
498,0.0,0.0,0.0,0,0,0
499,39.65,0.0,-39.65,1,0,1
501,0.0,34.41,34.41,0,1,1
502,0.0,0.0,0.0,0,0,0
503,17.54,27.73,10.190000000000001,1,1,2
504,0.0,0.0,0.0,0,0,0
505,0.0,71.72,71.72,0,1,1
506,0.0,37.89,37.89,0,1,1
507,0.0,0.0,0.0,0,0,0
508,0.0,0.0,0.0,0,0,0
509,0.0,42.7,42.7,0,1,1
510,0.0,0.0,0.0,0,0,0
511,0.0,0.0,0.0,0,0,0
512,0.0,51.64,51.64,0,1,1
513,0.0,0.0,0.0,0,0,0
514,0.0,0.0,0.0,0,0,0
515,0.0,140.0,140.0,0,2,2
516,13.79,0.0,-13.79,1,0,1
517,0.0,0.0,0.0,0,0,0
518,0.0,40.34,40.34,0,1,1
519,0.0,0.0,0.0,0,0,0
520,0.0,58.61,58.61,0,1,1
521,0.0,7.4,7.4,0,1,1
522,0.0,0.0,0.0,0,0,0
523,0.0,74.24,74.24,0,1,1
524,0.0,0.0,0.0,0,0,0
525,0.0,0.0,0.0,0,0,0
526,130.82,0.0,-130.82,2,0,2
527,0.0,0.0,0.0,0,0,0
528,0.0,27.28,27.28,0,1,1
529,0.0,0.0,0.0,0,0,0
530,0.0,25.9,25.9,0,1,1
531,0.0,70.47,70.47,0,1,1
532,0.0,0.0,0.0,0,0,0
533,41.18,0.0,-41.18,1,0,1
534,0.0,0.0,0.0,0,0,0
535,21.17,16.33,-4.840000000000003,1,1,2
536,0.0,0.0,0.0,0,0,0
537,1.52,0.0,-1.52,1,0,1
538,0.0,62.86,62.86,0,3,3
539,0.0,0.0,0.0,0,0,0
540,0.0,57.989999999999995,57.989999999999995,0,2,2
541,0.0,0.0,0.0,0,0,0
542,0.0,0.0,0.0,0,0,0
543,85.11,41.86,-43.25,2,1,3
544,0.0,0.0,0.0,0,0,0
545,82.09,0.0,-82.09,1,0,1
546,59.51,7.1,-52.41,1,1,2
547,0.0,0.0,0.0,0,0,0
548,0.0,0.0,0.0,0,0,0
549,0.0,0.0,0.0,0,0,0
550,0.0,0.0,0.0,0,0,0
551,0.0,0.0,0.0,0,0,0
553,64.96,0.0,-64.96,1,0,1
554,33.99,20.62,-13.370000000000001,1,1,2
555,0.0,64.27,64.27,0,2,2
556,0.0,63.95,63.95,0,1,1
557,0.0,0.0,0.0,0,0,0
558,0.0,0.0,0.0,0,0,0
559,0.0,0.0,0.0,0,0,0
560,0.0,0.0,0.0,0,0,0
561,0.0,70.6,70.6,0,2,2
562,79.95,0.0,-79.95,1,0,1
563,0.0,64.78,64.78,0,2,2
564,0.0,66.46,66.46,0,1,1
565,0.0,0.0,0.0,0,0,0
566,56.83,0.0,-56.83,1,0,1
567,0.0,0.0,0.0,0,0,0
568,0.0,44.81,44.81,0,1,1
569,0.0,0.0,0.0,0,0,0
570,64.0,0.0,-64.0,3,0,3
571,67.5,7.81,-59.69,2,1,3
572,0.0,0.0,0.0,0,0,0
573,1.0,0.0,-1.0,1,0,1
575,0.0,29.51,29.51,0,1,1
576,0.0,0.0,0.0,0,0,0
577,0.0,0.0,0.0,0,0,0
578,15.84,0.0,-15.84,1,0,1
579,0.0,9.21,9.21,0,1,1
581,0.0,0.0,0.0,0,0,0
582,7.4,0.0,-7.4,1,0,1
583,18.98,0.0,-18.98,1,0,1
584,0.0,0.0,0.0,0,0,0
585,0.0,0.0,0.0,0,0,0
586,0.0,0.0,0.0,0,0,0
587,0.0,0.0,0.0,0,0,0
588,0.0,9.33,9.33,0,1,1
589,0.0,0.0,0.0,0,0,0
590,45.29,0.0,-45.29,1,0,1
591,0.0,0.0,0.0,0,0,0
592,55.38,39.83,-15.550000000000004,1,2,3
593,116.46,59.82,-56.63999999999999,1,2,3
594,0.0,0.0,0.0,0,0,0
595,0.0,50.72,50.72,0,2,2
596,0.0,0.0,0.0,0,0,0
597,0.0,0.0,0.0,0,0,0
598,0.0,30.84,30.84,0,2,2
599,0.0,0.0,0.0,0,0,0
600,0.0,18.59,18.59,0,1,1
601,13.91,0.0,-13.91,2,0,2
602,0.0,4.46,4.46,0,1,1
603,0.0,46.99,46.99,0,1,1
604,0.0,0.0,0.0,0,0,0
605,0.0,10.9,10.9,0,1,1
606,0.0,0.0,0.0,0,0,0
607,0.0,97.94,97.94,0,3,3
608,0.0,0.0,0.0,0,0,0
610,0.0,0.0,0.0,0,0,0
611,0.0,0.0,0.0,0,0,0
612,0.0,0.0,0.0,0,0,0
613,0.0,0.0,0.0,0,0,0
615,0.0,15.39,15.39,0,2,2
616,0.0,0.0,0.0,0,0,0
617,22.93,0.0,-22.93,1,0,1
618,0.0,0.0,0.0,0,0,0
619,0.0,0.0,0.0,0,0,0
620,39.379999999999995,67.1,27.72,2,2,4
621,43.63,22.57,-21.060000000000002,1,1,2
622,0.0,0.0,0.0,0,0,0
623,0.0,0.0,0.0,0,0,0
624,0.0,31.37,31.37,0,1,1
625,6.03,0.0,-6.03,1,0,1
626,0.0,0.0,0.0,0,0,0
627,0.0,0.0,0.0,0,0,0
629,43.39,0.0,-43.39,1,0,1
630,94.64,0.0,-94.64,1,0,1
631,166.81,0.0,-166.81,2,0,2
632,0.0,0.0,0.0,0,0,0
633,0.0,0.0,0.0,0,0,0
634,0.0,0.0,0.0,0,0,0
635,0.0,0.0,0.0,0,0,0
636,0.0,0.0,0.0,0,0,0
637,0.0,0.0,0.0,0,0,0
638,30.12,0.0,-30.12,1,0,1
639,0.0,0.0,0.0,0,0,0
640,8.46,53.81,45.35,1,1,2
641,12.63,0.0,-12.63,1,0,1
642,0.0,0.0,0.0,0,0,0
643,0.0,0.0,0.0,0,0,0
644,0.0,0.0,0.0,0,0,0
645,0.0,0.0,0.0,0,0,0
646,109.62,0.0,-109.62,2,0,2
647,0.0,95.28999999999999,95.28999999999999,0,2,2
648,0.0,130.82,130.82,0,3,3
651,0.0,0.0,0.0,0,0,0
652,0.0,0.0,0.0,0,0,0
653,0.0,0.0,0.0,0,0,0
654,0.0,0.0,0.0,0,0,0
655,0.0,49.35,49.35,0,1,1
656,4.7,6.39,1.6899999999999995,1,1,2
657,0.0,13.23,13.23,0,1,1
658,0.0,33.28,33.28,0,1,1
659,36.03,0.0,-36.03,1,0,1
660,30.12,143.74,113.62,1,2,3
661,0.0,0.0,0.0,0,0,0
662,46.2,0.0,-46.2,2,0,2
663,35.98,0.0,-35.98,1,0,1
664,0.0,31.96,31.96,0,1,1
665,0.0,0.0,0.0,0,0,0
666,0.0,0.0,0.0,0,0,0
667,84.55,0.0,-84.55,1,0,1
668,0.0,52.93,52.93,0,1,1
669,0.0,0.0,0.0,0,0,0
670,0.0,18.73,18.73,0,1,1
671,97.45,0.0,-97.45,2,0,2
672,0.0,28.4,28.4,0,1,1
673,0.0,0.0,0.0,0,0,0
674,12.32,30.12,17.8,1,1,2
675,0.0,0.0,0.0,0,0,0
676,0.0,78.5,78.5,0,2,2
677,0.0,5.07,5.07,0,1,1
678,72.27,0.0,-72.27,2,0,2
679,0.0,0.0,0.0,0,0,0
680,0.0,8.22,8.22,0,1,1
681,0.0,0.0,0.0,0,0,0
682,123.24,32.26,-90.97999999999999,2,1,3
683,51.35,10.0,-41.35,1,1,2
684,0.0,0.0,0.0,0,0,0
685,92.9,0.0,-92.9,1,0,1
686,29.939999999999998,0.0,-29.939999999999998,2,0,2
687,57.67,0.0,-57.67,1,0,1
688,0.0,0.0,0.0,0,0,0
689,0.0,0.0,0.0,0,0,0
690,0.0,0.0,0.0,0,0,0
692,0.0,0.0,0.0,0,0,0
693,0.0,51.23,51.23,0,1,1
694,0.0,77.19,77.19,0,1,1
695,10.85,0.0,-10.85,1,0,1
696,66.3,0.0,-66.3,1,0,1
697,22.34,51.67,29.330000000000002,1,1,2
698,0.0,0.0,0.0,0,0,0
699,39.03,0.0,-39.03,1,0,1
700,0.0,0.0,0.0,0,0,0
701,85.97,0.0,-85.97,1,0,1
702,0.0,0.0,0.0,0,0,0
703,0.0,0.0,0.0,0,0,0
704,0.0,0.0,0.0,0,0,0
705,0.0,52.779999999999994,52.779999999999994,0,2,2
706,47.790000000000006,72.41,24.61999999999999,2,2,4
708,0.0,30.12,30.12,0,1,1
709,0.0,0.0,0.0,0,0,0
710,76.77,0.0,-76.77,3,0,3
711,0.0,0.0,0.0,0,0,0
712,104.77000000000001,0.0,-104.77000000000001,4,0,4
713,63.51,0.0,-63.51,1,0,1
714,13.48,19.32,5.84,1,1,2
716,0.0,0.0,0.0,0,0,0
717,31.77,0.0,-31.77,1,0,1
718,13.25,63.51,50.26,1,1,2
719,67.37,89.06,21.689999999999998,1,1,2
720,0.0,94.26,94.26,0,1,1
721,0.0,0.0,0.0,0,0,0
722,162.15,0.0,-162.15,2,0,2
723,0.0,0.0,0.0,0,0,0
724,0.0,0.0,0.0,0,0,0
725,0.0,0.0,0.0,0,0,0
726,0.0,0.0,0.0,0,0,0
727,0.0,0.0,0.0,0,0,0
728,0.0,0.0,0.0,0,0,0
729,0.0,0.0,0.0,0,0,0
730,0.0,0.0,0.0,0,0,0
731,4.09,0.0,-4.09,1,0,1
732,0.0,0.0,0.0,0,0,0
733,0.0,0.0,0.0,0,0,0
734,8.99,0.0,-8.99,1,0,1
735,3.73,21.88,18.15,1,1,2
737,0.0,47.12,47.12,0,2,2
738,71.33,1.0,-70.33,1,1,2
739,68.65,0.0,-68.65,2,0,2
740,0.0,0.0,0.0,0,0,0
742,0.0,0.0,0.0,0,0,0
743,57.21,19.17,-38.04,1,1,2
744,0.0,0.0,0.0,0,0,0
745,0.0,0.0,0.0,0,0,0
746,65.61,0.0,-65.61,1,0,1
747,0.0,2.79,2.79,0,1,1
748,114.39,28.43,-85.96000000000001,2,1,3
749,32.33,100.06,67.73,2,3,5
750,0.0,0.0,0.0,0,0,0
751,22.27,0.0,-22.27,1,0,1
752,43.27,0.0,-43.27,1,0,1
753,0.0,75.66,75.66,0,1,1
754,2.89,0.0,-2.89,1,0,1
755,2.78,0.0,-2.78,1,0,1
756,0.0,172.94,172.94,0,2,2
757,0.0,0.0,0.0,0,0,0
758,47.56,0.0,-47.56,2,0,2
760,0.0,0.0,0.0,0,0,0
761,0.0,0.0,0.0,0,0,0
762,0.0,0.0,0.0,0,0,0
763,0.0,41.16,41.16,0,1,1
764,11.87,55.260000000000005,43.39000000000001,1,2,3
765,0.0,39.2,39.2,0,1,1
766,0.0,0.0,0.0,0,0,0
767,0.0,0.0,0.0,0,0,0
768,41.86,0.0,-41.86,1,0,1
769,158.35,0.0,-158.35,4,0,4
770,4.46,79.95,75.49000000000001,1,1,2
771,0.0,0.0,0.0,0,0,0
772,0.0,48.43,48.43,0,1,1
773,8.22,30.8,22.58,1,2,3
774,0.0,0.0,0.0,0,0,0
775,0.0,0.0,0.0,0,0,0
776,0.0,0.0,0.0,0,0,0
777,0.0,0.0,0.0,0,0,0
778,0.0,36.03,36.03,0,1,1
779,172.87,0.0,-172.87,1,0,1
780,0.0,0.0,0.0,0,0,0
781,50.19,0.0,-50.19,1,0,1
782,0.0,0.0,0.0,0,0,0
783,54.53,0.0,-54.53,2,0,2
784,0.0,0.0,0.0,0,0,0
786,19.72,0.0,-19.72,1,0,1
787,0.0,0.0,0.0,0,0,0
789,0.0,0.0,0.0,0,0,0
790,0.0,0.0,0.0,0,0,0
791,0.0,101.69,101.69,0,1,1
792,18.76,0.0,-18.76,1,0,1
793,0.0,0.0,0.0,0,0,0
794,0.0,0.0,0.0,0,0,0
795,0.0,0.0,0.0,0,0,0
796,0.0,138.72,138.72,0,2,2
797,0.0,40.52,40.52,0,1,1
799,0.0,0.0,0.0,0,0,0
800,42.19,0.0,-42.19,1,0,1
801,31.28,0.0,-31.28,1,0,1
802,59.94,29.23,-30.709999999999997,1,1,2
803,0.0,23.73,23.73,0,1,1
804,0.0,0.0,0.0,0,0,0
805,0.0,0.0,0.0,0,0,0
806,12.86,0.0,-12.86,2,0,2
807,68.15,4.26,-63.89000000000001,1,1,2
808,0.0,0.0,0.0,0,0,0
809,0.0,55.38,55.38,0,1,1
810,17.94,22.6,4.66,1,1,2
811,73.1,0.0,-73.1,1,0,1
812,0.0,35.92,35.92,0,1,1
813,0.0,179.04,179.04,0,2,2
814,28.96,0.0,-28.96,1,0,1
815,26.48,47.61,21.13,1,1,2
817,88.66,6.98,-81.67999999999999,1,1,2
818,4.42,0.0,-4.42,1,0,1
819,0.0,0.0,0.0,0,0,0
820,151.23000000000002,0.0,-151.23000000000002,2,0,2
821,0.0,0.0,0.0,0,0,0
822,0.0,0.0,0.0,0,0,0
823,0.0,0.0,0.0,0,0,0
824,0.0,0.0,0.0,0,0,0
825,0.0,32.11,32.11,0,3,3
826,38.38,0.0,-38.38,1,0,1
827,67.8,105.71000000000001,37.91000000000001,3,3,6
828,0.0,39.96,39.96,0,2,2
829,0.0,13.73,13.73,0,1,1
830,0.0,117.9,117.9,0,4,4
831,0.0,1.59,1.59,0,1,1
832,0.0,0.0,0.0,0,0,0
833,174.01,0.0,-174.01,2,0,2
834,0.0,0.0,0.0,0,0,0
835,34.41,29.08,-5.329999999999998,1,1,2
836,0.0,35.9,35.9,0,1,1
837,0.0,1.0,1.0,0,1,1
838,0.0,110.39,110.39,0,3,3
839,0.0,0.0,0.0,0,0,0
840,13.24,0.0,-13.24,1,0,1
841,39.2,0.0,-39.2,1,0,1
842,0.0,26.11,26.11,0,1,1
844,0.0,63.16,63.16,0,2,2
845,0.0,0.0,0.0,0,0,0
846,60.95,143.71,82.76,2,2,4
847,0.0,0.0,0.0,0,0,0
848,0.0,159.14,159.14,0,3,3
849,0.0,0.0,0.0,0,0,0
850,0.0,61.26,61.26,0,3,3
851,0.0,0.0,0.0,0,0,0
852,18.04,71.71,53.669999999999995,1,1,2
853,0.0,0.0,0.0,0,0,0
854,113.31,0.0,-113.31,2,0,2
855,0.0,0.0,0.0,0,0,0
856,40.85,50.51,9.659999999999997,2,1,3
857,46.99,0.0,-46.99,1,0,1
859,0.0,0.0,0.0,0,0,0
860,0.0,0.0,0.0,0,0,0
861,64.74,0.0,-64.74,1,0,1
862,44.65,0.0,-44.65,1,0,1
863,0.0,0.0,0.0,0,0,0
864,0.0,33.41,33.41,0,1,1
865,22.82,81.69,58.87,1,1,2
866,0.0,0.0,0.0,0,0,0
867,0.0,44.37,44.37,0,1,1
868,81.69,0.0,-81.69,1,0,1
870,20.5,85.26,64.76,2,1,3
871,61.970000000000006,0.0,-61.970000000000006,2,0,2
873,18.45,0.0,-18.45,1,0,1
874,27.29,136.15,108.86000000000001,1,3,4
875,64.04,0.0,-64.04,2,0,2
876,0.0,0.0,0.0,0,0,0
877,0.0,35.660000000000004,35.660000000000004,0,2,2
878,224.79999999999998,0.0,-224.79999999999998,5,0,5
879,77.18,89.00999999999999,11.829999999999984,2,3,5
880,0.0,0.0,0.0,0,0,0
881,4.19,9.88,5.69,1,1,2
882,79.59,73.47999999999999,-6.110000000000014,1,2,3
883,0.0,24.84,24.84,0,1,1
884,0.0,0.0,0.0,0,0,0
885,18.73,36.83,18.099999999999998,1,3,4
886,0.0,0.0,0.0,0,0,0
887,0.0,0.0,0.0,0,0,0
888,35.06,143.07,108.00999999999999,2,4,6
889,0.0,0.0,0.0,0,0,0
890,75.28999999999999,39.0,-36.28999999999999,2,2,4
891,0.0,0.0,0.0,0,0,0
892,0.0,43.03,43.03,0,1,1
893,40.52,0.0,-40.52,1,0,1
894,0.0,0.0,0.0,0,0,0
895,68.82,5.37,-63.449999999999996,1,1,2
896,0.0,16.9,16.9,0,1,1
897,159.19,0.0,-159.19,2,0,2
899,78.96,151.14,72.17999999999999,1,2,3
900,96.19,0.0,-96.19,1,0,1
901,5.07,15.01,9.94,1,1,2
902,93.44999999999999,29.590000000000003,-63.859999999999985,3,2,5
903,3.92,52.03,48.11,1,1,2
905,0.0,0.0,0.0,0,0,0
907,136.8,88.1,-48.70000000000002,2,2,4
908,48.43,71.95,23.520000000000003,1,2,3
909,0.0,0.0,0.0,0,0,0
910,0.0,0.0,0.0,0,0,0
911,0.0,0.0,0.0,0,0,0
912,31.92,0.0,-31.92,1,0,1
913,0.0,231.48000000000002,231.48000000000002,0,4,4
914,85.96,101.11,15.150000000000006,1,2,3
915,47.5,78.5,31.0,3,2,5
916,117.83,77.55,-40.28,3,2,5
917,0.0,0.0,0.0,0,0,0
918,41.46,0.0,-41.46,1,0,1
919,81.26,0.0,-81.26,2,0,2
920,0.0,124.26,124.26,0,3,3
921,0.0,0.0,0.0,0,0,0
923,0.0,168.85999999999999,168.85999999999999,0,4,4
924,192.26,106.63,-85.63,4,2,6
925,123.77000000000001,45.24,-78.53,2,2,4
926,116.38,95.21,-21.17,2,3,5
927,0.0,88.76,88.76,0,2,2
928,0.0,0.0,0.0,0,0,0
929,0.0,5.41,5.41,0,1,1
930,24.15,29.07,4.920000000000002,2,2,4
931,13.75,68.29,54.540000000000006,1,2,3
932,70.99,48.480000000000004,-22.50999999999999,1,2,3
933,6.61,11.02,4.409999999999999,1,1,2
934,0.0,5.31,5.31,0,1,1
935,9.43,0.0,-9.43,2,0,2
936,41.83,62.15,20.32,2,3,5
937,0.0,105.84,105.84,0,2,2
938,194.01999999999998,0.0,-194.01999999999998,4,0,4
939,33.35,38.65,5.299999999999997,2,3,5
940,69.61,62.370000000000005,-7.239999999999995,1,2,3
941,0.0,0.0,0.0,0,0,0
942,0.0,0.0,0.0,0,0,0
943,0.0,0.0,0.0,0,0,0
944,0.0,20.47,20.47,0,1,1
945,78.81,160.36,81.55000000000001,1,4,5
946,20.12,0.0,-20.12,1,0,1
947,0.0,357.5,357.5,0,7,7
948,0.0,75.16,75.16,0,2,2
949,0.0,0.0,0.0,0,0,0
950,52.8,0.0,-52.8,1,0,1
951,0.0,0.0,0.0,0,0,0
952,73.27,0.0,-73.27,1,0,1
953,0.0,0.0,0.0,0,0,0
954,51.72,27.18,-24.54,1,2,3
955,0.0,0.0,0.0,0,0,0
956,67.9,0.0,-67.9,2,0,2
957,94.66,6.61,-88.05,2,1,3
958,66.72999999999999,21.95,-44.77999999999999,2,2,4
959,0.0,0.0,0.0,0,0,0
960,148.81,62.14,-86.67,6,3,9
961,78.32,79.86,1.5400000000000063,2,4,6
963,1.0,223.89000000000001,222.89000000000001,1,3,4
964,56.03,8.65,-47.38,2,1,3
965,103.15,196.93,93.78,4,4,8
966,113.69,118.19999999999999,4.509999999999991,4,2,6
967,0.0,38.51,38.51,0,1,1
968,0.0,91.91,91.91,0,2,2
969,0.0,0.0,0.0,0,0,0
970,88.36,0.0,-88.36,2,0,2
971,0.0,37.75,37.75,0,1,1
972,0.0,22.09,22.09,0,2,2
973,65.87,258.34,192.46999999999997,3,6,9
974,7.29,0.0,-7.29,1,0,1
975,0.0,0.0,0.0,0,0,0
976,102.3,57.61,-44.69,4,2,6
978,0.0,3.72,3.72,0,1,1
979,291.74,56.93,-234.81,7,1,8
980,53.68,9.17,-44.51,1,1,2
981,13.47,79.77999999999999,66.30999999999999,2,2,4
982,78.89,0.0,-78.89,3,0,3
983,0.0,0.0,0.0,0,0,0
984,122.53,56.83,-65.7,3,1,4
985,0.0,0.0,0.0,0,0,0
986,136.56,17.46,-119.1,7,2,9
988,0.0,0.0,0.0,0,0,0
989,0.0,16.85,16.85,0,2,2
990,0.0,122.1,122.1,0,1,1
991,51.59,0.0,-51.59,1,0,1
992,78.86,0.0,-78.86,1,0,1
993,0.0,28.82,28.82,0,1,1
994,0.0,0.0,0.0,0,0,0
995,0.0,2.49,2.49,0,1,1
996,12.77,0.0,-12.77,1,0,1
997,0.0,30.56,30.56,0,1,1
998,0.0,1272.87,1272.87,0,56,56
999,0.0,0.0,0.0,0,0,0
1000,21.2,87.66,66.46,1,4,5
1001,0.0,0.0,0.0,0,0,0
5,0.0,137.71,137.71,0,1,1
24,0.0,0.0,0.0,0,0,0
26,0.0,0.0,0.0,0,0,0
29,0.0,0.0,0.0,0,0,0
33,0.0,0.0,0.0,0,0,0
39,0.0,0.0,0.0,0,0,0
68,75.99,0.0,-75.99,1,0,1
73,77.35,0.0,-77.35,1,0,1
117,0.0,0.0,0.0,0,0,0
119,0.0,140.03,140.03,0,1,1
120,0.0,0.0,0.0,0,0,0
125,0.0,0.0,0.0,0,0,0
142,111.03,0.0,-111.03,1,0,1
173,106.3,57.519999999999996,-48.78,1,2,3
218,0.0,0.0,0.0,0,0,0
222,0.0,0.0,0.0,0,0,0
228,0.0,0.0,0.0,0,0,0
261,0.0,33.14,33.14,0,1,1
271,0.0,87.05,87.05,0,1,1
281,0.0,0.0,0.0,0,0,0
330,0.0,0.0,0.0,0,0,0
338,0.0,0.0,0.0,0,0,0
344,0.0,0.0,0.0,0,0,0
358,88.82,0.0,-88.82,2,0,2
360,25.4,0.0,-25.4,1,0,1
379,34.79,0.0,-34.79,1,0,1
393,56.54,0.0,-56.54,1,0,1
403,0.0,0.0,0.0,0,0,0
412,39.98,0.0,-39.98,1,0,1
427,0.0,111.03,111.03,0,1,1
448,0.0,0.0,0.0,0,0,0
450,0.0,0.0,0.0,0,0,0
465,0.0,0.0,0.0,0,0,0
468,0.0,0.0,0.0,0,0,0
474,0.0,0.0,0.0,0,0,0
475,0.0,0.0,0.0,0,0,0
477,0.0,0.0,0.0,0,0,0
488,0.0,0.0,0.0,0,0,0
500,0.0,0.0,0.0,0,0,0
552,0.0,0.0,0.0,0,0,0
574,0.0,0.0,0.0,0,0,0
580,0.0,0.0,0.0,0,0,0
609,137.71,0.0,-137.71,1,0,1
614,0.0,0.0,0.0,0,0,0
628,0.0,0.0,0.0,0,0,0
649,0.0,0.0,0.0,0,0,0
650,0.0,0.0,0.0,0,0,0
691,0.0,0.0,0.0,0,0,0
707,0.0,0.0,0.0,0,0,0
715,0.0,0.0,0.0,0,0,0
736,0.0,0.0,0.0,0,0,0
741,0.0,0.0,0.0,0,0,0
759,0.0,0.0,0.0,0,0,0
785,0.0,0.0,0.0,0,0,0
788,0.0,0.0,0.0,0,0,0
798,0.0,0.0,0.0,0,0,0
816,0.0,0.0,0.0,0,0,0
843,0.0,0.0,0.0,0,0,0
858,0.0,0.0,0.0,0,0,0
869,0.0,99.2,99.2,0,1,1
872,0.0,0.0,0.0,0,0,0
898,0.0,0.0,0.0,0,0,0
904,0.0,0.0,0.0,0,0,0
906,0.0,0.0,0.0,0,0,0
922,99.2,0.0,-99.2,1,0,1
962,0.0,0.0,0.0,0,0,0
977,0.0,0.0,0.0,0,0,0
987,0.0,0.0,0.0,0,0,0
1002,1100.0,0.0,-1100.0,55,0,55
